{
    "train_loss": [
        3.2198169231414795,
        3.0463969707489014,
        2.731288433074951,
        2.6890769004821777,
        2.628194808959961,
        2.4789817333221436,
        2.4025750160217285,
        2.3847949504852295,
        2.3520474433898926,
        2.296278476715088,
        2.282592296600342,
        2.201118230819702
    ],
    "train_acc": [
        0.04100000113248825,
        0.08699999749660492,
        0.14900000393390656,
        0.12399999797344208,
        0.13600000739097595,
        0.19699999690055847,
        0.21299999952316284,
        0.22499999403953552,
        0.2160000056028366,
        0.25699999928474426,
        0.2370000034570694,
        0.2593750059604645
    ],
    "val_loss": [
        3.1926896572113037,
        3.016218423843384,
        2.7514288425445557,
        2.661515474319458,
        2.5699570178985596,
        2.4959027767181396,
        2.43310809135437,
        2.402212619781494,
        2.357663631439209,
        2.3283817768096924,
        2.2771565914154053,
        2.2498064041137695
    ],
    "val_acc": [
        0.0483030304312706,
        0.08797727525234222,
        0.12509848177433014,
        0.12887878715991974,
        0.16932576894760132,
        0.18387120962142944,
        0.20384091138839722,
        0.20787879824638367,
        0.2195151299238205,
        0.23096968233585358,
        0.24518179893493652,
        0.25227275490760803
    ]
}